{
        "S2": {
                "energy_dft": -61.40009641,
                "energy_dftb": -458.4400609284942,
                "elec": -458.4400609284942,
                "atoms": {
                        "C": 3,
                        "H": 4,
                        "O": 3
                },
                "C-C": [
                        1.545314,
                        2.277206,
                        2.29647
                ],
                "C-H": [
                        1.054298,
                        1.087027,
                        1.138013,
                        1.144972,
                        2.185722,
                        2.203971,
                        2.210185,
                        2.277568,
                        2.933529,
                        2.98057,
                        2.997585,
                        3.023029
                ],
                "C-O": [
                        1.208329,
                        1.344706,
                        1.375034,
                        1.377747,
                        1.42025,
                        2.265241,
                        2.36619,
                        3.435727,
                        3.460688
                ],
                "H-H": [
                        1.828106,
                        1.883645,
                        2.34962,
                        2.452253,
                        3.03335,
                        3.034602
                ],
                "H-O": [
                        1.976725,
                        1.978054,
                        2.00411,
                        2.057879,
                        2.968477,
                        3.055295,
                        3.080216,
                        3.102224,
                        4.013739,
                        4.053847,
                        4.098159,
                        4.116116
                ],
                "O-O": [
                        2.208105,
                        2.279942,
                        2.295987
                ]
        },
        "S3": {
                "energy_dft": -61.46467041,
                "energy_dftb": -458.0209680592176,
                "elec": -458.0209680592176,
                "atoms": {
                        "C": 3,
                        "H": 4,
                        "O": 3
                },
                "C-C": [
                        1.555536,
                        2.256741,
                        2.285395
                ],
                "C-H": [
                        1.061215,
                        1.06471,
                        1.126643,
                        1.162624,
                        2.185218,
                        2.197116,
                        2.236282,
                        2.338814,
                        2.789512,
                        2.888182,
                        3.13218,
                        3.192548
                ],
                "C-O": [
                        1.194424,
                        1.363524,
                        1.384488,
                        1.432417,
                        1.454912,
                        2.262588,
                        2.32681,
                        3.397221,
                        3.435926
                ],
                "H-H": [
                        1.738823,
                        1.768718,
                        2.363286,
                        2.678666,
                        2.760217,
                        3.191933
                ],
                "H-O": [
                        2.015304,
                        2.13107,
                        2.13294,
                        2.200467,
                        2.666179,
                        2.914494,
                        3.238522,
                        3.238699,
                        3.812843,
                        3.950667,
                        4.229508,
                        4.302199
                ],
                "O-O": [
                        2.248623,
                        2.263396,
                        2.295801
                ]
        },
        "S4": {
                "energy_dft": -100.06973868,
                "energy_dftb": -614.6441798292407,
                "elec": -614.6441798292407,
                "atoms": {
                        "C": 5,
                        "H": 10,
                        "O": 3
                },
                "C-C": [
                        1.576595,
                        1.671692,
                        2.204651,
                        2.340422,
                        3.591058,
                        3.679754,
                        3.987603,
                        5.361909,
                        5.493067,
                        6.867627
                ],
                "C-H": [
                        1.019279,
                        1.043205,
                        1.055931,
                        1.059609,
                        1.067672,
                        1.089185,
                        1.103184,
                        1.126139,
                        1.201843,
                        1.228154,
                        2.057824,
                        2.136592,
                        2.198309,
                        2.260691,
                        2.274134,
                        2.288405,
                        2.327767,
                        2.357228,
                        2.359157,
                        2.377817,
                        2.414019,
                        2.415128,
                        2.450318,
                        2.843987,
                        3.585015,
                        3.704755,
                        3.873816,
                        3.875347,
                        3.92856,
                        4.086057,
                        4.211074,
                        4.241296,
                        4.345086,
                        4.538217,
                        5.005839,
                        5.149516,
                        5.37238,
                        5.394072,
                        5.773453,
                        5.810237,
                        5.825976,
                        5.947495,
                        6.02672,
                        6.192998,
                        6.877996,
                        7.175503,
                        7.219031,
                        7.236684,
                        7.498746,
                        7.737647
                ],
                "C-O": [
                        1.300564,
                        1.334735,
                        1.339326,
                        1.472463,
                        1.498672,
                        2.490636,
                        2.545931,
                        2.555333,
                        2.709923,
                        3.269903,
                        3.293751,
                        3.866171,
                        4.212161,
                        4.590335,
                        4.607754
                ],